-- FashionRecommendation Database
-- Ch?y: mysql -u root -p < database.sql

DROP DATABASE IF EXISTS fashion_recommendation;
CREATE DATABASE fashion_recommendation
  CHARACTER SET utf8mb4
  COLLATE utf8mb4_unicode_ci;

USE fashion_recommendation;

-- 1. Clusters (5 cum moi)
DROP TABLE IF EXISTS clusters;
CREATE TABLE clusters (
    cluster_id INT PRIMARY KEY,
    cluster_name VARCHAR(255) NOT NULL,
    description TEXT
) ENGINE=InnoDB DEFAULT CHARSET=utf8mb4 COLLATE=utf8mb4_unicode_ci;

INSERT INTO clusters (cluster_id, cluster_name, description) VALUES
(0, 'Phong cach Cong so Nam (Formal Nam)', 'Ao so mi tay dai, quan tay au, bo vest, ca vat...'),
(1, 'Phong cach Cong so Nu (Formal Nu)', 'Dam blazer, ao so mi voan, chan vay cong so...'),
(2, 'Phong cach Duong pho & Ca tinh (Streetwear & Hiphop)', 'Ao hoodie, quan cargo tui hop, ao khoac denim...'),
(3, 'Phong cach Nang dong & The thao (Sportswear)', 'Ao thun chay bo, quan jogger, ao khoac gio...'),
(4, 'Phong cach Toi gian & Hang ngay (Casual & Minimalist)', 'Ao thun basic, vay hoa nhi, quan kaki ong suong...');

-- 2. Products
DROP TABLE IF EXISTS product_features;
DROP TABLE IF EXISTS products;
CREATE TABLE products (
    product_id INT PRIMARY KEY,
    product_name VARCHAR(255) NOT NULL,
    price INT NOT NULL,
    gender_nam BOOLEAN DEFAULT 0,
    gender_nu BOOLEAN DEFAULT 0,
    cluster_id INT,
    image_url VARCHAR(500) DEFAULT NULL,
    FOREIGN KEY (cluster_id) REFERENCES clusters(cluster_id) ON DELETE SET NULL
) ENGINE=InnoDB DEFAULT CHARSET=utf8mb4 COLLATE=utf8mb4_unicode_ci;

-- image_url: mac dinh .png, rieng product 75 la .jpg
INSERT INTO products (product_id, product_name, price, gender_nam, gender_nu, cluster_id, image_url) VALUES
(1,'Ao thun Oversize Basic Unisex',180000,0,0,4,'/images/products/1.png'),
(2,'Ao so mi tay dai Cong so Nam',290000,1,0,4,'/images/products/2.png'),
(3,'Quan Jean Baggy Nam',350000,1,0,1,'/images/products/3.png'),
(4,'Quan Tay Au lich lam Nam',320000,1,0,1,'/images/products/4.png'),
(5,'Chan vay tennis nu',190000,0,1,4,'/images/products/5.png'),
(6,'Dam blazer sang chanh Nu',450000,0,1,3,'/images/products/6.png'),
(7,'Ao hoodie Unisex form rong',290000,0,0,2,'/images/products/7.png'),
(8,'Quan Short tui hop Kaki Nam',220000,1,0,1,'/images/products/8.png'),
(9,'Ao thun Polo tron Nam',200000,1,0,4,'/images/products/9.png'),
(10,'Ao so mi voan nu co no',250000,0,1,0,'/images/products/10.png'),
(11,'Quan Tay baggy nu Han Quoc',280000,0,1,3,'/images/products/11.png'),
(12,'Ao croptop om body Nu',130000,0,1,0,'/images/products/12.png'),
(13,'Quan Cargo Pants tui hop Unisex',360000,0,0,1,'/images/products/13.png'),
(14,'Vay hoa nhi dang dai Nu',310000,0,1,0,'/images/products/14.png'),
(15,'Ao khoac Bomber Varsity Unisex',420000,0,0,2,'/images/products/15.png'),
(16,'Ao thun Chay bo Giam chan Nam',150000,1,0,0,'/images/products/16.png'),
(17,'Quan Jogger thun the thao Unisex',240000,0,0,0,'/images/products/17.png'),
(18,'Ao khoac Gio chong nuoc Unisex',380000,0,0,0,'/images/products/18.png'),
(19,'Ao len gile Basic Han Quoc',230000,0,0,4,'/images/products/19.png'),
(20,'Quan Sweatpants ni day Unisex',270000,0,0,2,'/images/products/20.png'),
(21,'Ao sat nach the thao Nam',130000,1,0,0,'/images/products/21.png'),
(22,'Quan short nhe chay bo Nam',160000,1,0,0,'/images/products/22.png'),
(23,'Ao bra tap gym co gian Nu',180000,0,1,0,'/images/products/23.png'),
(24,'Quan legging cap cao nang co Nu',220000,0,1,0,'/images/products/24.png'),
(25,'Ao khoac hoodie zip the thao',320000,0,0,0,'/images/products/25.png'),
(26,'Bo quan ao bong ro nang dong',290000,1,0,0,'/images/products/26.png'),
(27,'Ao thun om thun gan Nu',140000,0,1,4,'/images/products/27.png'),
(28,'Chan vay thun Om ngan Nu',170000,0,1,0,'/images/products/28.png'),
(29,'Ao khoac Da croptop ca tinh Nu',450000,0,1,2,'/images/products/29.png'),
(30,'Quan short Jean rach tua Nu',190000,0,1,1,'/images/products/30.png'),
(31,'Ao thun loang mau Tie Dye',210000,0,0,2,'/images/products/31.png'),
(32,'Quan Jean ong rong phong cach Unisex',380000,0,0,1,'/images/products/32.png'),
(33,'Ao khoac Kaki tui hop Unisex',390000,0,0,2,'/images/products/33.png'),
(34,'Non bucket tai beo Streetwear',120000,0,0,2,'/images/products/34.png'),
(35,'Ao so mi nhung tam Han Quoc Nam',280000,1,0,2,'/images/products/35.png'),
(36,'Ao thun tay dai ke soc Han Quoc',190000,0,0,4,'/images/products/36.png'),
(37,'Quan Tay ong dung Han Quoc Nam',330000,1,0,1,'/images/products/37.png'),
(38,'Ao khoac trend coat dang dai Nu',650000,0,1,3,'/images/products/38.png'),
(39,'Set ao vay da tweed tieu thu Nu',550000,0,1,3,'/images/products/39.png'),
(40,'Ao det kim mong nhe nu Han Quoc',220000,0,1,4,'/images/products/40.png'),
(41,'Ao so mi trang tinh khoi Minimalist',240000,0,0,4,'/images/products/41.png'),
(42,'Quan Kaki ong suong Minimalist Nam',310000,1,0,1,'/images/products/42.png'),
(43,'Ao khoac blazer xam ghi Minimalist',480000,0,0,3,'/images/products/43.png'),
(44,'Vay suong den tron Minimalist Nu',320000,0,1,3,'/images/products/44.png'),
(45,'Ao thun ba lo gile len co V',200000,0,0,4,'/images/products/45.png'),
(46,'Ao thun Premium cotton tron Unisex',220000,0,0,4,'/images/products/46.png'),
(47,'Ao so mi co tau lich su Nam',270000,1,0,4,'/images/products/47.png'),
(48,'Quan Tay Au ong slim fit Nam',300000,1,0,1,'/images/products/48.png'),
(49,'Bo vest cong so cao cap Nam',950000,1,0,3,'/images/products/49.png'),
(50,'Ao so mi soc nhe Cong so Nam',280000,1,0,2,'/images/products/50.png'),
(51,'Ca vat tua rua lua cao cap',120000,1,0,3,'/images/products/51.png'),
(52,'Chan vay cong so xe ta Nu',260000,0,1,3,'/images/products/52.png'),
(53,'Ao vest blazer demi nu Cong so',490000,0,1,3,'/images/products/53.png'),
(54,'Dam suong chu A thanh lich Nu',380000,0,1,4,'/images/products/54.png'),
(55,'Ao thun ngan tay co tron Basic',120000,1,0,4,'/images/products/55.png'),
(56,'Quan short thun mac o nha Nam',90000,1,0,1,'/images/products/56.png'),
(57,'Ao khoac Cardigan long mem Nu',260000,0,1,4,'/images/products/57.png'),
(58,'Quan Jean skinny nu co gian',290000,0,1,1,'/images/products/58.png'),
(59,'Ao thun nu co tim de thuong',110000,0,1,4,'/images/products/59.png'),
(60,'Quan Kaki tui xeo xe Casual Nam',270000,1,0,1,'/images/products/60.png'),
(61,'Set bo do the thao mua dong Unisex',450000,0,0,2,'/images/products/61.png'),
(62,'Ao khoac jacket du the thao Nam',340000,1,0,0,'/images/products/62.png'),
(63,'Quan short du 2 lop tap gym Nu',150000,0,1,0,'/images/products/63.png'),
(64,'Ao thun om body nhieu mau Nu',140000,0,1,0,'/images/products/64.png'),
(65,'Quan Parachute tui hop to Unisex',370000,0,0,0,'/images/products/65.png'),
(66,'Ao sweater in chu thoi thuong Unisex',280000,0,0,2,'/images/products/66.png'),
(67,'Ao khoac jean denim bui bam Nam',420000,1,0,2,'/images/products/67.png'),
(68,'Mu luoi trai washed cap basic',95000,0,0,2,'/images/products/68.png'),
(69,'Ao thun polo phoi bo co Nam',220000,1,0,4,'/images/products/69.png'),
(70,'Ao so mi kieu thoi trang Han Quoc Nu',240000,0,1,4,'/images/products/70.png'),
(71,'Quan short kaki tui mo Casual Nam',180000,1,0,1,'/images/products/71.png'),
(72,'Ao len co lo day dan mua dong',320000,0,0,4,'/images/products/72.png'),
(73,'Chan vay jean dai xe ta Nu',280000,0,1,3,'/images/products/73.png'),
(74,'Ao so mi flannel caro ca tinh Unisex',260000,0,0,2,'/images/products/74.png'),
(75,'Quan Jean ong dung basic Nam',330000,1,0,1,'/images/products/75.jpg'),
(76,'Ao thun trang tron chat cotton day',150000,0,0,4,'/images/products/76.png'),
(77,'Quan short thun the thao lung cao Nu',120000,0,1,0,'/images/products/77.png'),
(78,'Ao thun phong cach hiphop Unisex',220000,0,0,2,'/images/products/78.png'),
(79,'Quan short tui hop nu ca tinh',190000,0,1,1,'/images/products/79.png'),
(80,'Ao thun form om co vuong Nu',130000,0,1,4,'/images/products/80.png'),
(81,'Dam maxi trang di bien thoai mai',390000,0,1,4,'/images/products/81.png'),
(82,'Ao khoac phao beo sieu am dong',520000,0,0,2,'/images/products/82.png'),
(83,'Quan kaki xan gau thoi trang Nam',290000,1,0,1,'/images/products/83.png'),
(84,'Ao so mi lua mem mai sang trong Nu',310000,0,1,4,'/images/products/84.png'),
(85,'Quan tay nu ong loe ton dang',320000,0,1,3,'/images/products/85.png'),
(86,'Ao vest cong so nu om form',520000,0,1,3,'/images/products/86.png'),
(87,'Ao gile phao phoi do Streetwear',290000,0,0,2,'/images/products/87.png'),
(88,'Quan short thun gio chay bo Nam',140000,1,0,0,'/images/products/88.png'),
(89,'Ao ni khong mu thu dong Unisex',250000,0,0,4,'/images/products/89.png'),
(90,'Quan thun ong bo the thao Nam',210000,1,0,0,'/images/products/90.png'),
(91,'Ao croptop sat nach thun ngan Nu',110000,0,1,0,'/images/products/91.png'),
(92,'Quan short nu ong rong lung thun',140000,0,1,4,'/images/products/92.png'),
(93,'Ao so mi co be Han Quoc de thuong Nu',230000,0,1,4,'/images/products/93.png'),
(94,'Vay slip dress quyen ru goi cam Nu',360000,0,1,3,'/images/products/94.png'),
(95,'Ao thun polo the thao thoang khi Nam',180000,1,0,4,'/images/products/95.png'),
(96,'Quan short kaki basic Han Quoc Nam',190000,1,0,1,'/images/products/96.png'),
(97,'Ao hoodie mu tai gau dang yeu Nu',280000,0,1,2,'/images/products/97.png'),
(98,'Quan cargo tui hop chat kaki nu',340000,0,1,1,'/images/products/98.png'),
(99,'Ao thun den tron vat bau nhe Unisex',160000,0,0,4,'/images/products/99.png'),
(100,'Ao khoac gio the thao phoi mau lung',390000,0,1,0,'/images/products/100.png');

-- 3. Product Features
DROP TABLE IF EXISTS product_features;
CREATE TABLE product_features (
    product_id INT PRIMARY KEY,
    cate_ao BOOLEAN DEFAULT 0,
    cate_quan BOOLEAN DEFAULT 0,
    cate_vay_dam BOOLEAN DEFAULT 0,
    cate_phu_kien BOOLEAN DEFAULT 0,
    mat_cotton BOOLEAN DEFAULT 0,
    mat_kaki BOOLEAN DEFAULT 0,
    mat_jean BOOLEAN DEFAULT 0,
    mat_thun BOOLEAN DEFAULT 0,
    mat_len_ni BOOLEAN DEFAULT 0,
    color_trang BOOLEAN DEFAULT 0,
    color_den BOOLEAN DEFAULT 0,
    color_mau_noi BOOLEAN DEFAULT 0,
    style_casual BOOLEAN DEFAULT 0,
    style_streetwear BOOLEAN DEFAULT 0,
    style_minimalist BOOLEAN DEFAULT 0,
    style_korean BOOLEAN DEFAULT 0,
    style_formal BOOLEAN DEFAULT 0,
    style_sportswear BOOLEAN DEFAULT 0,
    FOREIGN KEY (product_id) REFERENCES products(product_id) ON DELETE CASCADE
) ENGINE=InnoDB DEFAULT CHARSET=utf8mb4 COLLATE=utf8mb4_unicode_ci;

INSERT INTO product_features (product_id, cate_ao, cate_quan, cate_vay_dam, cate_phu_kien, mat_cotton, mat_kaki, mat_jean, mat_thun, mat_len_ni, color_trang, color_den, color_mau_noi, style_casual, style_streetwear, style_minimalist, style_korean, style_formal, style_sportswear) VALUES
(1,1,0,0,0,1,0,0,0,0,1,0,0,1,0,1,1,0,0),
(2,1,0,0,0,1,0,0,0,0,1,0,0,0,0,0,0,1,0),
(3,0,1,0,0,0,0,1,0,0,0,0,1,1,1,0,1,0,0),
(4,0,1,0,0,0,1,0,0,0,0,1,0,0,0,1,0,1,0),
(5,0,0,1,0,1,0,0,0,0,1,0,0,1,0,0,1,0,1),
(6,0,0,1,0,0,1,0,0,0,0,1,0,0,0,1,1,1,0),
(7,1,0,0,0,0,0,0,0,1,0,1,0,0,1,0,1,0,0),
(8,0,1,0,0,0,1,0,0,0,0,0,1,1,1,0,0,0,0),
(9,1,0,0,0,1,0,0,0,0,0,1,0,1,0,1,0,0,0),
(10,1,0,0,0,0,0,0,1,0,1,0,0,0,0,0,1,1,0),
(11,0,1,0,0,0,1,0,0,0,0,1,0,1,0,1,1,1,0),
(12,1,0,0,0,0,0,0,1,0,0,1,0,1,1,0,0,0,0),
(13,0,1,0,0,0,1,0,0,0,0,1,0,0,1,0,0,0,0),
(14,0,0,1,0,0,0,0,1,0,0,0,1,1,0,0,1,0,0),
(15,1,0,0,0,0,0,0,0,1,0,0,1,0,1,0,0,0,0),
(16,1,0,0,0,0,0,0,1,0,0,0,1,0,0,0,0,0,1),
(17,0,1,0,0,0,0,0,1,0,0,1,0,1,1,0,0,0,1),
(18,1,0,0,0,0,0,0,1,0,0,0,1,0,0,0,0,0,1),
(19,1,0,0,0,0,0,0,0,1,1,0,0,1,0,1,1,0,0),
(20,0,1,0,0,0,0,0,0,1,0,1,0,0,1,0,0,0,1),
(21,1,0,0,0,0,0,0,1,0,1,0,0,0,0,0,0,0,1),
(22,0,1,0,0,0,0,0,1,0,0,1,0,0,0,0,0,0,1),
(23,1,0,0,0,0,0,0,1,0,0,1,0,0,0,0,0,0,1),
(24,0,1,0,0,0,0,0,1,0,0,1,0,0,0,0,0,0,1),
(25,1,0,0,0,0,0,0,1,0,1,0,0,0,0,0,0,0,1),
(26,1,0,0,0,0,0,0,1,0,0,0,1,0,1,0,0,0,1),
(27,1,0,0,0,0,0,0,1,0,1,0,0,1,0,1,1,0,0),
(28,0,0,1,0,0,0,0,1,0,0,1,0,1,1,0,1,0,0),
(29,1,0,0,0,0,0,0,0,1,0,1,0,0,1,0,1,0,0),
(30,0,1,0,0,0,0,1,0,0,0,0,1,1,1,0,0,0,0),
(31,1,0,0,0,1,0,0,0,0,0,0,1,0,1,0,0,0,0),
(32,0,1,0,0,0,0,1,0,0,1,0,0,0,1,0,1,0,0),
(33,1,0,0,0,0,1,0,0,0,0,0,1,0,1,0,0,0,0),
(34,0,0,0,1,1,0,0,0,0,0,1,0,0,1,0,0,0,0),
(35,1,0,0,0,0,0,0,0,1,0,0,1,1,0,0,1,0,0),
(36,1,0,0,0,1,0,0,0,0,1,0,0,1,0,0,1,0,0),
(37,0,1,0,0,0,1,0,0,0,0,1,0,1,0,0,1,1,0),
(38,1,0,0,0,0,1,0,0,0,0,0,1,0,0,1,1,1,0),
(39,0,0,1,0,0,0,0,0,1,0,0,1,0,0,0,1,1,0),
(40,1,0,0,0,0,0,0,0,1,1,0,0,1,0,0,1,0,0),
(41,1,0,0,0,1,0,0,0,0,1,0,0,1,0,1,0,0,0),
(42,0,1,0,0,0,1,0,0,0,1,0,0,1,0,1,0,0,0),
(43,1,0,0,0,0,1,0,0,0,0,1,0,0,0,1,0,1,0),
(44,0,0,1,0,1,0,0,0,0,0,1,0,1,0,1,0,0,0),
(45,1,0,0,0,0,0,0,0,1,1,0,0,1,0,1,1,0,0),
(46,1,0,0,0,1,0,0,0,0,1,0,0,1,0,1,0,0,0),
(47,1,0,0,0,1,0,0,0,0,1,0,0,1,0,1,0,1,0),
(48,0,1,0,0,0,1,0,0,0,0,1,0,0,0,1,0,1,0),
(49,0,0,1,0,0,1,0,0,0,0,1,0,0,0,0,0,1,0),
(50,1,0,0,0,1,0,0,0,0,0,0,1,0,0,0,0,1,0),
(51,0,0,0,1,0,0,0,0,0,0,1,0,0,0,0,0,1,0),
(52,0,0,1,0,0,1,0,0,0,0,1,0,0,0,1,0,1,0),
(53,1,0,0,0,0,1,0,0,0,1,0,0,0,0,0,0,1,0),
(54,0,0,1,0,1,0,0,0,0,1,0,0,1,0,1,0,1,0),
(55,1,0,0,0,1,0,0,0,0,1,0,0,1,0,0,0,0,0),
(56,0,1,0,0,0,0,0,1,0,0,1,0,1,0,0,0,0,0),
(57,1,0,0,0,0,0,0,0,1,1,0,0,1,0,0,1,0,0),
(58,0,1,0,0,0,0,1,0,0,0,1,0,1,0,0,0,0,0),
(59,1,0,0,0,1,0,0,0,0,1,0,0,1,0,0,0,0,0),
(60,0,1,0,0,0,1,0,0,0,0,0,1,1,0,0,0,0,0),
(61,1,0,0,0,0,0,0,0,1,0,1,0,0,0,0,0,0,1),
(62,1,0,0,0,0,0,0,1,0,0,0,1,0,0,0,0,0,1),
(63,0,1,0,0,0,0,0,1,0,0,1,0,0,0,0,0,0,1),
(64,1,0,0,0,0,0,0,1,0,0,0,1,0,1,0,1,0,0),
(65,0,1,0,0,0,0,0,1,0,0,1,0,0,1,0,0,0,0),
(66,1,0,0,0,0,0,0,0,1,1,0,0,0,1,0,1,0,0),
(67,1,0,0,0,0,0,1,0,0,0,0,1,0,1,0,0,0,0),
(68,0,0,0,1,1,0,0,0,0,0,1,0,1,1,0,0,0,0),
(69,1,0,0,0,1,0,0,0,0,1,0,0,1,0,0,0,1,0),
(70,1,0,0,0,1,0,0,0,0,1,0,0,1,0,0,1,0,0),
(71,0,1,0,0,0,1,0,0,0,0,1,0,1,0,1,0,0,0),
(72,1,0,0,0,0,0,0,0,1,1,0,0,1,0,0,1,0,0),
(73,0,0,1,0,0,0,1,0,0,0,1,0,1,0,0,1,0,0),
(74,1,0,0,0,1,0,0,0,0,0,0,1,1,1,0,1,0,0),
(75,0,1,0,0,0,0,1,0,0,1,0,0,1,0,1,0,0,0),
(76,1,0,0,0,1,0,0,0,0,1,0,0,1,0,1,0,0,0),
(77,0,1,0,0,0,0,0,1,0,1,0,0,1,0,0,0,0,1),
(78,1,0,0,0,1,0,0,0,0,0,1,0,0,1,0,0,0,0),
(79,0,1,0,0,0,1,0,0,0,0,1,0,0,1,0,0,0,0),
(80,1,0,0,0,1,0,0,0,0,1,0,0,1,0,1,1,0,0),
(81,0,0,1,0,1,0,0,0,0,1,0,0,1,0,0,1,0,0),
(82,1,0,0,0,0,0,0,0,1,0,1,0,1,0,0,1,0,0),
(83,0,1,0,0,0,1,0,0,0,0,0,1,1,0,0,1,0,0),
(84,1,0,0,0,1,0,0,0,0,1,0,0,0,0,1,0,1,0),
(85,0,1,0,0,0,1,0,0,0,0,1,0,0,0,0,0,1,0),
(86,1,0,0,0,0,1,0,0,0,0,1,0,0,0,0,0,1,0),
(87,1,0,0,0,0,0,0,0,1,0,1,0,0,1,0,0,0,0),
(88,0,1,0,0,0,0,0,1,0,0,0,1,0,0,0,0,0,1),
(89,1,0,0,0,0,0,0,0,1,1,0,0,1,0,1,1,0,0),
(90,0,1,0,0,0,0,0,1,0,0,1,0,0,0,0,0,0,1),
(91,1,0,0,0,0,0,0,1,0,1,0,0,1,1,0,0,0,0),
(92,0,1,0,0,1,0,0,0,0,1,0,0,1,0,0,1,0,0),
(93,1,0,0,0,1,0,0,0,0,1,0,0,1,0,0,1,0,0),
(94,0,0,1,0,1,0,0,0,0,0,1,0,0,0,1,0,1,0),
(95,1,0,0,0,1,0,0,0,0,1,0,0,0,0,0,0,0,1),
(96,0,1,0,0,0,1,0,0,0,0,1,0,1,0,0,1,0,0),
(97,1,0,0,0,0,0,0,0,1,0,0,1,0,0,0,1,0,0),
(98,0,1,0,0,0,1,0,0,0,0,0,1,0,1,0,0,0,0),
(99,1,0,0,0,1,0,0,0,0,0,1,0,1,0,1,0,0,0),
(100,1,0,0,0,0,0,0,1,0,0,0,1,0,0,0,0,0,1);

-- 4. Orders
CREATE TABLE orders (
    order_id INT AUTO_INCREMENT PRIMARY KEY,
    full_name VARCHAR(255) NOT NULL,
    phone VARCHAR(20) NOT NULL,
    address TEXT NOT NULL,
    note TEXT,
    total INT NOT NULL DEFAULT 0,
    status VARCHAR(50) NOT NULL DEFAULT 'pending',
    created_at DATETIME NOT NULL DEFAULT CURRENT_TIMESTAMP
) ENGINE=InnoDB DEFAULT CHARSET=utf8mb4 COLLATE=utf8mb4_unicode_ci;

-- 5. Order Items
CREATE TABLE order_items (
    item_id INT AUTO_INCREMENT PRIMARY KEY,
    order_id INT NOT NULL,
    product_id INT,
    product_name VARCHAR(255) NOT NULL,
    price INT NOT NULL,
    quantity INT NOT NULL DEFAULT 1,
    FOREIGN KEY (order_id) REFERENCES orders(order_id) ON DELETE CASCADE,
    FOREIGN KEY (product_id) REFERENCES products(product_id) ON DELETE SET NULL
) ENGINE=InnoDB DEFAULT CHARSET=utf8mb4 COLLATE=utf8mb4_unicode_ci;
